<?xml version="1.0"?>
<?xml-stylesheet type="text/xsl" href="worker-list.xsl"?>
<workers>
	<person> 
		<id>1</id>
		<name>Jolanta </name>
		<surname>Kręciwałek</surname>
		<division>spc. ds. Zamówień publicznych</division>

	</person>
	<person> 
		<id>2</id>
		<name>Brajanusz </name>
		<surname>Fachmann</surname>
		<division>spc. ds. Projektów Unijnych</division>
	</person>

		<person> 
		<id>3</id>
		<name>Miranda</name>
		<surname>Nieda </surname>
		<division>kier. gospodarczy</division>
	</person>

		<person> 
		<id>4</id>
		<name>Marta</name>
		<surname>Wcisnechłam </surname>
		<division> spc. ds. sprzedaży</division>
	</person>

		<person> 
		<id>5</id>
		<name>Jacek </name>
		<surname>Donos </surname>
		<division>spc. ds. kontroli i bezpieczeństwa</division>
	</person>

		<person> 
		<id>6</id>
		<name>Kazimierz </name>
		<surname>Staraszkoła </surname>
		<division>spc. ds. rozwoju</division>
	</person>

		<person> 
		<id>7</id>
		<name>Mariusz </name>
		<surname>Kreda </surname>
		<division>spc. ds. szkoleń</division>
	</person>

		<person> 
		<id>8</id>
		<name>Franciszek </name>
		<surname>Nierusz </surname>
		<division>spc. ds. technicznych</division>
	</person>

		<person> 
		<id>9</id>
		<name>Aldona </name>
		<surname>Kasybrak </surname>
		<division>spc. ds. finansowo-księgowych</division>
	</person>

		<person> 
		<id>10</id>
		<name>Barbara </name>
		<surname>Bezpamięci </surname>
		<division> spc. ds. planowania</division>
	</person>

		<person> 
		<id>11</id>
		<name>Mirosław </name>
		<surname>Wielepiej </surname>
		<division>spc. ds. doradztwa biznesowego</division>
	</person>

</workers>
